{	
	"main_menu_left":
	[
		{
			"id" : 1,
			"parrent" : "root",
			"text" : "Home",
			"link" : "/"
		},
		{
			"id" : 2,
			"parrent" : "root",
			"text" : "Lib",
			"link" : "/Lib"
		},
		{
			"id" : 3,
			"parrent" : "root",
			"text" : "Lang",
			"link" : "/Lang"
		}
	],
	"main_menu_right":
	[
		{
			"id" : 1,
			"parrent" : "root",
			"text" : "Facebook",
			"link" : "https://www.facebook.com/adheegm"
		},
		{
			"id" : 2,
			"parrent" : "root",
			"text" : "Twitter",
			"link" : "#"
		},
		{
			"id" : 4,
			"parrent" : "root",
			"text" : "Contact",
			"link" : "/Contact"
		}
	]	
}